Ticker,ComGroupCode,nganh
AAA,HOSE,Hóa chất
AAT,HOSE,Hàng cá nhân & Gia dụng
ABR,HOSE,Hàng & Dịch vụ Công nghiệp
ABS,HOSE,Hóa chất
ACC,HOSE,Xây dựng và Vật liệu
ACG,HOSE,Tài nguyên Cơ bản
APC,Upcom,Y tế
BCE,HOSE,Xây dựng và Vật liệu
BCF,HNX,Thực phẩm và đồ uống
BFC,HOSE,Hóa chất
BGE,Upcom,"Điện, nước & xăng dầu khí đốt"
BHN,HOSE,Thực phẩm và đồ uống
BNA,HNX,Thực phẩm và đồ uống
BRR,Upcom,Hóa chất
BSH,Upcom,Thực phẩm và đồ uống
BTW,HNX,"Điện, nước & xăng dầu khí đốt"
CAN,HNX,Thực phẩm và đồ uống
CC1,Upcom,Xây dựng và Vật liệu
CDC,HOSE,Xây dựng và Vật liệu
CEO,HNX,Bất động sản
CII,HOSE,Xây dựng và Vật liệu
CKV,HNX,Công nghệ Thông tin
CMM,Upcom,Thực phẩm và đồ uống
CMW,Upcom,"Điện, nước & xăng dầu khí đốt"
COM,HOSE,Bán lẻ
CPC,HNX,Hóa chất
CTB,HNX,Hàng & Dịch vụ Công nghiệp
CTR,HOSE,Xây dựng và Vật liệu
DCT,Upcom,Xây dựng và Vật liệu
DDV,Upcom,Hóa chất
DHD,Upcom,Y tế
DID,Upcom,Xây dựng và Vật liệu
DIH,HNX,Xây dựng và Vật liệu
DNP,HNX,Xây dựng và Vật liệu
DP1,Upcom,Y tế
DP3,HNX,Y tế
DSP,Upcom,Du lịch và Giải trí
DTI,Upcom,Du lịch và Giải trí
DTP,Upcom,Y tế
DXG,HOSE,Bất động sản
DXS,HOSE,Bất động sản
EVG,HOSE,Xây dựng và Vật liệu
GAS,HOSE,"Điện, nước & xăng dầu khí đốt"
GCF,Upcom,Thực phẩm và đồ uống
GDW,HNX,"Điện, nước & xăng dầu khí đốt"
GMD,HOSE,Hàng & Dịch vụ Công nghiệp
GMH,HOSE,Xây dựng và Vật liệu
GMX,HNX,Xây dựng và Vật liệu
HAH,HOSE,Hàng & Dịch vụ Công nghiệp
HAN,Upcom,Xây dựng và Vật liệu
HAT,HNX,Thực phẩm và đồ uống
HDM,Upcom,Hàng cá nhân & Gia dụng
HIG,Upcom,
HMR,HNX,Xây dựng và Vật liệu
HPI,Upcom,Bất động sản
HSP,Upcom,Xây dựng và Vật liệu
HVX,HOSE,Xây dựng và Vật liệu
IDC,HNX,Bất động sản
ISH,Upcom,"Điện, nước & xăng dầu khí đốt"
KHW,Upcom,"Điện, nước & xăng dầu khí đốt"
KKC,HNX,Tài nguyên Cơ bản
KST,HNX,Công nghệ Thông tin
LAW,Upcom,"Điện, nước & xăng dầu khí đốt"
LCM,Upcom,Tài nguyên Cơ bản
LLM,Upcom,Hàng & Dịch vụ Công nghiệp
MBG,HNX,Xây dựng và Vật liệu
MCC,HNX,Xây dựng và Vật liệu
MCM,HOSE,Thực phẩm và đồ uống
MSH,HOSE,Hàng cá nhân & Gia dụng
MST,HNX,Xây dựng và Vật liệu
NAW,Upcom,"Điện, nước & xăng dầu khí đốt"
NCT,HOSE,Hàng & Dịch vụ Công nghiệp
PBP,HNX,Hàng & Dịch vụ Công nghiệp
PDR,HOSE,Bất động sản
PLC,HNX,Hóa chất
PMG,HOSE,"Điện, nước & xăng dầu khí đốt"
PPH,Upcom,Hàng cá nhân & Gia dụng
PPT,HNX,"Điện, nước & xăng dầu khí đốt"
PVB,HNX,Dầu khí
PVL,Upcom,Bất động sản
PVM,Upcom,Hàng & Dịch vụ Công nghiệp
PVR,Upcom,Bất động sản
PVS,HNX,Dầu khí
PXT,Upcom,Xây dựng và Vật liệu
QNS,Upcom,Thực phẩm và đồ uống
S4A,HOSE,"Điện, nước & xăng dầu khí đốt"
SBA,HOSE,"Điện, nước & xăng dầu khí đốt"
SBB,Upcom,Thực phẩm và đồ uống
SBG,HOSE,Hàng & Dịch vụ Công nghiệp
SBV,HOSE,Bán lẻ
SC5,HOSE,Xây dựng và Vật liệu
SCL,Upcom,Xây dựng và Vật liệu
SCR,HOSE,Bất động sản
SJG,Upcom,Xây dựng và Vật liệu
SKH,Upcom,Thực phẩm và đồ uống
SMT,HNX,Công nghệ Thông tin
SNZ,Upcom,Xây dựng và Vật liệu
ST8,HOSE,Công nghệ Thông tin
SVD,HOSE,Hàng cá nhân & Gia dụng
SVH,Upcom,"Điện, nước & xăng dầu khí đốt"
SVT,HOSE,Bán lẻ
TDT,HNX,Hàng cá nhân & Gia dụng
TET,HNX,Hàng cá nhân & Gia dụng
THB,HNX,Thực phẩm và đồ uống
THG,HOSE,Xây dựng và Vật liệu
THS,HNX,Bán lẻ
TNT,HOSE,Tài nguyên Cơ bản
TPP,HNX,Hàng & Dịch vụ Công nghiệp
TRC,HOSE,Hóa chất
TSC,HOSE,Hóa chất
TTN,Upcom,Viễn thông
VC7,HNX,Xây dựng và Vật liệu
VC9,HNX,Xây dựng và Vật liệu
VCA,HOSE,Tài nguyên Cơ bản
VCW,Upcom,"Điện, nước & xăng dầu khí đốt"
VE9,Upcom,Xây dựng và Vật liệu
VEA,Upcom,Hàng & Dịch vụ Công nghiệp
VET,Upcom,Hóa chất
VHM,HOSE,Bất động sản
VIC,HOSE,Bất động sản
VIP,HOSE,Hàng & Dịch vụ Công nghiệp
VLC,Upcom,Thực phẩm và đồ uống
VLG,Upcom,Hàng & Dịch vụ Công nghiệp
VNA,Upcom,Hàng & Dịch vụ Công nghiệp
VNB,Upcom,Truyền thông
VNT,HNX,Hàng & Dịch vụ Công nghiệp
VPH,HOSE,Bất động sản
VSC,HOSE,Hàng & Dịch vụ Công nghiệp
VTH,HNX,Hàng & Dịch vụ Công nghiệp
VTJ,HNX,Hàng cá nhân & Gia dụng
VTO,HOSE,Hàng & Dịch vụ Công nghiệp
VTR,Upcom,Du lịch và Giải trí
WSB,Upcom,Thực phẩm và đồ uống
XMC,Upcom,Xây dựng và Vật liệu
ACM,Upcom,Tài nguyên Cơ bản
ADS,HOSE,Hàng cá nhân & Gia dụng
AGG,HOSE,Bất động sản
AVG,Upcom,Hóa chất
BSP,Upcom,Thực phẩm và đồ uống
BTT,HOSE,Bán lẻ
BVL,Upcom,Bất động sản
C4G,Upcom,Xây dựng và Vật liệu
CBI,Upcom,Tài nguyên Cơ bản
CCI,HOSE,"Điện, nước & xăng dầu khí đốt"
CDO,Upcom,Xây dựng và Vật liệu
CHP,HOSE,"Điện, nước & xăng dầu khí đốt"
CJC,HNX,Hàng & Dịch vụ Công nghiệp
CKD,Upcom,Hàng & Dịch vụ Công nghiệp
CMC,HNX,Hàng & Dịch vụ Công nghiệp
CNG,HOSE,"Điện, nước & xăng dầu khí đốt"
DAT,HOSE,Thực phẩm và đồ uống
DBD,HOSE,Y tế
DCM,HOSE,Hóa chất
DDB,HOSE,Xây dựng và Vật liệu
DNN,Upcom,"Điện, nước & xăng dầu khí đốt"
DRG,Upcom,Hóa chất
DSN,HOSE,Du lịch và Giải trí
DTK,HNX,"Điện, nước & xăng dầu khí đốt"
DTL,HOSE,Tài nguyên Cơ bản
EID,HNX,Truyền thông
FHS,Upcom,Truyền thông
FMC,HOSE,Thực phẩm và đồ uống
GDA,Upcom,Tài nguyên Cơ bản
GDT,HOSE,Hàng cá nhân & Gia dụng
GHC,Upcom,"Điện, nước & xăng dầu khí đốt"
GVR,HOSE,Hóa chất
HAF,Upcom,Thực phẩm và đồ uống
HCC,HNX,Xây dựng và Vật liệu
HDC,HOSE,Bất động sản
HHG,Upcom,Du lịch và Giải trí
HMC,HOSE,Tài nguyên Cơ bản
HNM,Upcom,Thực phẩm và đồ uống
HOM,HNX,Xây dựng và Vật liệu
HTC,HNX,"Điện, nước & xăng dầu khí đốt"
HTM,Upcom,Bán lẻ
HTV,HOSE,Hàng & Dịch vụ Công nghiệp
HUT,HNX,Ô tô và phụ tùng
HVA,Upcom,Dịch vụ tài chính
ICF,Upcom,Thực phẩm và đồ uống
ITC,HOSE,Bất động sản
JOS,Upcom,Thực phẩm và đồ uống
KHS,HNX,Thực phẩm và đồ uống
KSF,HNX,Bất động sản
L14,HNX,Xây dựng và Vật liệu
LAF,HOSE,Thực phẩm và đồ uống
LAI,Upcom,Xây dựng và Vật liệu
LDP,HNX,Y tế
LSS,HOSE,Thực phẩm và đồ uống
M10,Upcom,Hàng cá nhân & Gia dụng
MCO,HNX,Xây dựng và Vật liệu
MDF,Upcom,Tài nguyên Cơ bản
MSN,HOSE,Thực phẩm và đồ uống
MTS,Upcom,Hàng & Dịch vụ Công nghiệp
MVN,Upcom,Hàng & Dịch vụ Công nghiệp
NAF,HOSE,Thực phẩm và đồ uống
NED,Upcom,Xây dựng và Vật liệu
NQN,Upcom,"Điện, nước & xăng dầu khí đốt"
NSL,Upcom,"Điện, nước & xăng dầu khí đốt"
NST,HNX,Hàng cá nhân & Gia dụng
NTC,Upcom,Bất động sản
OIL,Upcom,Dầu khí
PET,HOSE,Bán lẻ
PIV,Upcom,Bất động sản
PMB,HNX,Hóa chất
POV,Upcom,"Điện, nước & xăng dầu khí đốt"
PPC,HOSE,"Điện, nước & xăng dầu khí đốt"
PPE,HNX,Hàng & Dịch vụ Công nghiệp
PVY,Upcom,Xây dựng và Vật liệu
PXI,Upcom,Xây dựng và Vật liệu
QTP,Upcom,"Điện, nước & xăng dầu khí đốt"
SAB,HOSE,Thực phẩm và đồ uống
SBM,Upcom,Xây dựng và Vật liệu
SCS,HOSE,Du lịch và Giải trí
SD2,Upcom,Xây dựng và Vật liệu
SFI,HOSE,Hàng & Dịch vụ Công nghiệp
SFN,HNX,Hàng & Dịch vụ Công nghiệp
SHA,HOSE,Tài nguyên Cơ bản
SRF,HOSE,Hàng & Dịch vụ Công nghiệp
SSH,Upcom,Bất động sản
STG,HOSE,Hàng & Dịch vụ Công nghiệp
SVI,HOSE,Hàng & Dịch vụ Công nghiệp
SZC,HOSE,Bất động sản
SZL,HOSE,Bất động sản
TAL,Upcom,Bất động sản
TCH,HOSE,Bất động sản
TDC,HOSE,Bất động sản
TDW,HOSE,"Điện, nước & xăng dầu khí đốt"
THM,Upcom,Hàng cá nhân & Gia dụng
TIS,Upcom,Tài nguyên Cơ bản
TJC,HNX,Hàng & Dịch vụ Công nghiệp
TLG,HOSE,Hàng cá nhân & Gia dụng
TNC,HOSE,Hóa chất
TNW,Upcom,"Điện, nước & xăng dầu khí đốt"
TRA,HOSE,Y tế
TSA,Upcom,Xây dựng và Vật liệu
TTF,HOSE,Tài nguyên Cơ bản
TV2,HOSE,Hàng & Dịch vụ Công nghiệp
UDJ,Upcom,Xây dựng và Vật liệu
VC1,HNX,Xây dựng và Vật liệu
VCG,HOSE,Xây dựng và Vật liệu
VE1,HNX,Xây dựng và Vật liệu
VFG,HOSE,Hóa chất
VGC,HOSE,Xây dựng và Vật liệu
VGP,HNX,Hàng & Dịch vụ Công nghiệp
VHC,HOSE,Thực phẩm và đồ uống
VIN,Upcom,Hàng & Dịch vụ Công nghiệp
VJC,HOSE,Du lịch và Giải trí
VNG,HOSE,Du lịch và Giải trí
VNY,Upcom,Hóa chất
VPI,HOSE,Bất động sản
VPS,HOSE,Hóa chất
VRG,Upcom,Bất động sản
VSM,HNX,Hàng & Dịch vụ Công nghiệp
VSN,Upcom,Thực phẩm và đồ uống
VTE,Upcom,Công nghệ Thông tin
VTV,HNX,Xây dựng và Vật liệu
VVS,Upcom,Ô tô và phụ tùng
WCS,HNX,Hàng & Dịch vụ Công nghiệp
XMP,Upcom,"Điện, nước & xăng dầu khí đốt"
ABT,HOSE,Thực phẩm và đồ uống
ACL,HOSE,Thực phẩm và đồ uống
AGF,Upcom,Thực phẩm và đồ uống
ALT,HNX,Truyền thông
ATG,Upcom,Tài nguyên Cơ bản
BBS,HNX,Hàng & Dịch vụ Công nghiệp
BKG,HOSE,Hàng cá nhân & Gia dụng
BMV,Upcom,Thực phẩm và đồ uống
BPC,HNX,Hàng & Dịch vụ Công nghiệp
BSQ,Upcom,Thực phẩm và đồ uống
CAR,Upcom,Hàng & Dịch vụ Công nghiệp
CKG,HOSE,Bất động sản
CNT,Upcom,Bất động sản
CPA,Upcom,Thực phẩm và đồ uống
CSC,HNX,Xây dựng và Vật liệu
CTD,HOSE,Xây dựng và Vật liệu
CTF,HOSE,Ô tô và phụ tùng
CTT,HNX,Hàng & Dịch vụ Công nghiệp
CTW,Upcom,"Điện, nước & xăng dầu khí đốt"
CTX,Upcom,Xây dựng và Vật liệu
D2D,HOSE,Bất động sản
DDG,HNX,"Điện, nước & xăng dầu khí đốt"
DHB,Upcom,Hóa chất
DLG,HOSE,Xây dựng và Vật liệu
DNC,HNX,"Điện, nước & xăng dầu khí đốt"
DNH,Upcom,"Điện, nước & xăng dầu khí đốt"
DP2,Upcom,Y tế
DTC,HNX,Xây dựng và Vật liệu
DVM,HNX,Y tế
DVN,Upcom,Y tế
DXV,HOSE,Xây dựng và Vật liệu
EBS,HNX,Truyền thông
EMS,Upcom,Hàng & Dịch vụ Công nghiệp
FCM,HOSE,Xây dựng và Vật liệu
FOC,Upcom,Truyền thông
FRT,HOSE,Bán lẻ
G36,Upcom,Xây dựng và Vật liệu
GEG,HOSE,"Điện, nước & xăng dầu khí đốt"
GEX,HOSE,Hàng & Dịch vụ Công nghiệp
GSM,Upcom,"Điện, nước & xăng dầu khí đốt"
HAR,HOSE,Bất động sản
HD6,Upcom,Bất động sản
HHP,HOSE,Tài nguyên Cơ bản
HNA,HOSE,"Điện, nước & xăng dầu khí đốt"
IRC,Upcom,Hóa chất
JVC,HOSE,Y tế
KTC,Upcom,Thực phẩm và đồ uống
L40,HNX,Xây dựng và Vật liệu
LBM,HOSE,Xây dựng và Vật liệu
LGL,HOSE,Bất động sản
LIC,Upcom,Xây dựng và Vật liệu
LM8,HOSE,Xây dựng và Vật liệu
MDC,HNX,Tài nguyên Cơ bản
MED,HNX,Y tế
MIE,Upcom,Hàng & Dịch vụ Công nghiệp
MNB,Upcom,Hàng cá nhân & Gia dụng
MSR,Upcom,Tài nguyên Cơ bản
MTA,Upcom,Tài nguyên Cơ bản
NDN,HNX,Bất động sản
NDT,Upcom,Hàng cá nhân & Gia dụng
NDW,Upcom,"Điện, nước & xăng dầu khí đốt"
NDX,HNX,Xây dựng và Vật liệu
NQB,Upcom,"Điện, nước & xăng dầu khí đốt"
NRC,HNX,Bất động sản
NSC,HOSE,Thực phẩm và đồ uống
NVL,HOSE,Bất động sản
OGC,HOSE,Dịch vụ tài chính
OPC,HOSE,Y tế
PAP,Upcom,Hàng & Dịch vụ Công nghiệp
PBC,Upcom,Y tế
PC1,HOSE,Xây dựng và Vật liệu
PDN,HOSE,Hàng & Dịch vụ Công nghiệp
PGD,HOSE,"Điện, nước & xăng dầu khí đốt"
PGV,HOSE,"Điện, nước & xăng dầu khí đốt"
PJC,HNX,"Điện, nước & xăng dầu khí đốt"
PMS,HNX,Hàng & Dịch vụ Công nghiệp
PNP,Upcom,Hàng & Dịch vụ Công nghiệp
PPY,HNX,"Điện, nước & xăng dầu khí đốt"
PSD,HNX,Bán lẻ
PSP,Upcom,Hàng & Dịch vụ Công nghiệp
PSW,HNX,Hóa chất
PTB,HOSE,Tài nguyên Cơ bản
PTL,HOSE,Bất động sản
PTS,HNX,Hàng & Dịch vụ Công nghiệp
PTV,Upcom,Dầu khí
PVT,HOSE,Hàng & Dịch vụ Công nghiệp
REE,HOSE,"Điện, nước & xăng dầu khí đốt"
S72,Upcom,Xây dựng và Vật liệu
S99,HNX,Xây dựng và Vật liệu
SAM,HOSE,Công nghệ Thông tin
SBL,Upcom,Thực phẩm và đồ uống
SCJ,Upcom,Xây dựng và Vật liệu
SDD,Upcom,Xây dựng và Vật liệu
SDG,HNX,Hàng & Dịch vụ Công nghiệp
SHN,HNX,Tài nguyên Cơ bản
SSM,HNX,Tài nguyên Cơ bản
STD,Upcom,
SWC,Upcom,Hàng & Dịch vụ Công nghiệp
TCO,HOSE,Thực phẩm và đồ uống
THT,HNX,Tài nguyên Cơ bản
TID,Upcom,Bất động sản
TIG,HNX,Bất động sản
TIX,HOSE,Bất động sản
TMC,HNX,"Điện, nước & xăng dầu khí đốt"
TNA,HOSE,Tài nguyên Cơ bản
TPC,HOSE,Hóa chất
TTC,HNX,Xây dựng và Vật liệu
TTE,HOSE,"Điện, nước & xăng dầu khí đốt"
TTH,HNX,Tài nguyên Cơ bản
TV1,Upcom,Hàng & Dịch vụ Công nghiệp
TVD,HNX,Tài nguyên Cơ bản
TYA,HOSE,Hàng & Dịch vụ Công nghiệp
V21,HNX,Bất động sản
VCF,HOSE,Thực phẩm và đồ uống
VCR,Upcom,Bất động sản
VEF,Upcom,Bất động sản
VFR,Upcom,Hàng & Dịch vụ Công nghiệp
VLA,HNX,Công nghệ Thông tin
VMS,HNX,Hàng & Dịch vụ Công nghiệp
VNF,HNX,Hàng & Dịch vụ Công nghiệp
VSA,HNX,Hàng & Dịch vụ Công nghiệp
VTX,Upcom,Hàng & Dịch vụ Công nghiệp
X20,HNX,Hàng cá nhân & Gia dụng
AAM,HOSE,Thực phẩm và đồ uống
AAV,HNX,Bất động sản
ADC,HNX,Truyền thông
AFX,Upcom,Bán lẻ
ASP,HOSE,"Điện, nước & xăng dầu khí đốt"
BNW,Upcom,"Điện, nước & xăng dầu khí đốt"
BWE,HOSE,"Điện, nước & xăng dầu khí đốt"
C32,HOSE,Xây dựng và Vật liệu
CCC,Upcom,Xây dựng và Vật liệu
CDN,HNX,Hàng & Dịch vụ Công nghiệp
CET,HNX,Hàng cá nhân & Gia dụng
CFV,Upcom,Thực phẩm và đồ uống
CLC,HOSE,Hàng cá nhân & Gia dụng
CLH,HNX,Xây dựng và Vật liệu
CX8,HNX,Xây dựng và Vật liệu
DAD,HNX,Truyền thông
DAN,Upcom,Y tế
DBT,HOSE,Y tế
DCL,HOSE,Y tế
DDM,Upcom,Hàng & Dịch vụ Công nghiệp
DGC,HOSE,Hóa chất
DHG,HOSE,Y tế
DHP,HNX,Hàng & Dịch vụ Công nghiệp
DS3,HNX,Hàng & Dịch vụ Công nghiệp
DWC,Upcom,"Điện, nước & xăng dầu khí đốt"
FID,HNX,Xây dựng và Vật liệu
FTM,Upcom,Hàng cá nhân & Gia dụng
GSP,HOSE,Hàng & Dịch vụ Công nghiệp
GTA,HOSE,Tài nguyên Cơ bản
HBC,HOSE,Xây dựng và Vật liệu
HBH,Upcom,Thực phẩm và đồ uống
HCO,Upcom,
HCT,HNX,Hàng & Dịch vụ Công nghiệp
HDA,HNX,Xây dựng và Vật liệu
HHS,HOSE,Ô tô và phụ tùng
HIO,Upcom,"Điện, nước & xăng dầu khí đốt"
HKT,HNX,Thực phẩm và đồ uống
HLC,HNX,Tài nguyên Cơ bản
HPW,Upcom,"Điện, nước & xăng dầu khí đốt"
HPX,HOSE,Bất động sản
HQC,HOSE,Bất động sản
HSG,HOSE,Tài nguyên Cơ bản
HTL,HOSE,Ô tô và phụ tùng
HTT,Upcom,Bán lẻ
IDJ,HNX,Bất động sản
IDV,HNX,Bất động sản
IFS,Upcom,Thực phẩm và đồ uống
ING,Upcom,Xây dựng và Vật liệu
ITA,HOSE,Bất động sản
KDC,HOSE,Thực phẩm và đồ uống
KDM,HNX,Xây dựng và Vật liệu
KMT,HNX,Tài nguyên Cơ bản
KOS,HOSE,Bất động sản
KVC,Upcom,Tài nguyên Cơ bản
L18,HNX,Xây dựng và Vật liệu
LDG,HOSE,Bất động sản
LHC,HNX,Xây dựng và Vật liệu
LIX,HOSE,Hàng cá nhân & Gia dụng
LO5,Upcom,Hàng & Dịch vụ Công nghiệp
LPT,Upcom,Hàng & Dịch vụ Công nghiệp
MAS,HNX,Du lịch và Giải trí
MGR,Upcom,Bất động sản
MIC,Upcom,Tài nguyên Cơ bản
MVC,Upcom,Xây dựng và Vật liệu
NBP,HNX,"Điện, nước & xăng dầu khí đốt"
NSH,HNX,Tài nguyên Cơ bản
NTL,HOSE,Bất động sản
NTT,Upcom,Hàng cá nhân & Gia dụng
PEN,HNX,Xây dựng và Vật liệu
PGS,HNX,"Điện, nước & xăng dầu khí đốt"
PIS,Upcom,Tài nguyên Cơ bản
PMP,HNX,Hàng & Dịch vụ Công nghiệp
PMW,Upcom,"Điện, nước & xăng dầu khí đốt"
PSB,Upcom,Xây dựng và Vật liệu
PTD,HNX,Xây dựng và Vật liệu
PTX,Upcom,"Điện, nước & xăng dầu khí đốt"
QHD,HNX,Hàng & Dịch vụ Công nghiệp
QNW,Upcom,"Điện, nước & xăng dầu khí đốt"
RAL,HOSE,Hàng cá nhân & Gia dụng
RIC,Upcom,Du lịch và Giải trí
S55,HNX,Xây dựng và Vật liệu
SBD,Upcom,Công nghệ Thông tin
SFC,HOSE,"Điện, nước & xăng dầu khí đốt"
SGD,HNX,Truyền thông
SGS,Upcom,Hàng & Dịch vụ Công nghiệp
SJD,HOSE,"Điện, nước & xăng dầu khí đốt"
SJS,HOSE,Bất động sản
SLS,HNX,Thực phẩm và đồ uống
SMB,HOSE,Thực phẩm và đồ uống
SP2,Upcom,"Điện, nước & xăng dầu khí đốt"
SPC,HNX,Hóa chất
SRC,HOSE,Ô tô và phụ tùng
STP,HNX,Hàng & Dịch vụ Công nghiệp
SVG,Upcom,Hàng & Dịch vụ Công nghiệp
SZE,Upcom,Hàng & Dịch vụ Công nghiệp
TAR,Upcom,Thực phẩm và đồ uống
TCK,Upcom,Xây dựng và Vật liệu
TCM,HOSE,Hàng cá nhân & Gia dụng
THD,HNX,Bất động sản
TIP,HOSE,Bất động sản
TL4,Upcom,Xây dựng và Vật liệu
TLD,HOSE,Xây dựng và Vật liệu
TSJ,Upcom,Du lịch và Giải trí
TTA,HOSE,"Điện, nước & xăng dầu khí đốt"
TV4,HNX,Hàng & Dịch vụ Công nghiệp
TVT,HOSE,Hàng cá nhân & Gia dụng
UNI,HNX,Công nghệ Thông tin
VC2,HNX,Xây dựng và Vật liệu
VC3,HNX,Bất động sản
VCM,HNX,Hàng & Dịch vụ Công nghiệp
VE2,Upcom,Xây dựng và Vật liệu
VE3,HNX,Xây dựng và Vật liệu
VHL,HNX,Xây dựng và Vật liệu
VID,HOSE,Tài nguyên Cơ bản
VMC,HNX,Xây dựng và Vật liệu
VNM,HOSE,Thực phẩm và đồ uống
VTB,HOSE,Hàng & Dịch vụ Công nghiệp
VUG,Upcom,
YBM,HOSE,Tài nguyên Cơ bản
ABC,Upcom,Viễn thông
ADG,HOSE,Truyền thông
ADP,HOSE,Xây dựng và Vật liệu
AMV,HNX,Y tế
APH,HOSE,Hàng & Dịch vụ Công nghiệp
AST,HOSE,Bán lẻ
BCC,HNX,Xây dựng và Vật liệu
BCM,HOSE,Bất động sản
BDB,HNX,
BDG,Upcom,Hàng cá nhân & Gia dụng
BDW,Upcom,"Điện, nước & xăng dầu khí đốt"
BGW,Upcom,"Điện, nước & xăng dầu khí đốt"
BHA,Upcom,"Điện, nước & xăng dầu khí đốt"
BMP,HOSE,Xây dựng và Vật liệu
BSC,HNX,Bất động sản
BSG,Upcom,Du lịch và Giải trí
BTH,Upcom,Hàng & Dịch vụ Công nghiệp
BTV,Upcom,Du lịch và Giải trí
BXH,HNX,Hàng & Dịch vụ Công nghiệp
C47,HOSE,Xây dựng và Vật liệu
CAD,Upcom,Thực phẩm và đồ uống
CHS,Upcom,"Điện, nước & xăng dầu khí đốt"
CMD,Upcom,Xây dựng và Vật liệu
CMF,Upcom,Thực phẩm và đồ uống
CQN,Upcom,Hàng & Dịch vụ Công nghiệp
CQT,Upcom,Xây dựng và Vật liệu
CTI,HOSE,Xây dựng và Vật liệu
CVN,HNX,Y tế
CVT,HOSE,Xây dựng và Vật liệu
DAH,HOSE,Du lịch và Giải trí
DCF,Upcom,Xây dựng và Vật liệu
DHC,HOSE,Tài nguyên Cơ bản
DHT,HNX,Bán lẻ
DIG,HOSE,Bất động sản
DM7,Upcom,Hàng cá nhân & Gia dụng
DNA,Upcom,"Điện, nước & xăng dầu khí đốt"
DPR,HOSE,Hóa chất
DQC,HOSE,Hàng cá nhân & Gia dụng
DTA,HOSE,Bất động sản
DWS,Upcom,"Điện, nước & xăng dầu khí đốt"
FCS,Upcom,Thực phẩm và đồ uống
FOX,Upcom,Viễn thông
FPT,HOSE,Công nghệ Thông tin
GIC,HNX,Hàng & Dịch vụ Công nghiệp
GMC,HOSE,Hàng cá nhân & Gia dụng
GPC,Upcom,Y tế
HAG,HOSE,Thực phẩm và đồ uống
HAX,HOSE,Ô tô và phụ tùng
HCD,HOSE,Hóa chất
HGM,HNX,Tài nguyên Cơ bản
HID,HOSE,Xây dựng và Vật liệu
HJC,Upcom,Hàng cá nhân & Gia dụng
HND,Upcom,"Điện, nước & xăng dầu khí đốt"
HNF,Upcom,Thực phẩm và đồ uống
HRC,HOSE,Hóa chất
HSV,Upcom,Tài nguyên Cơ bản
HTE,Upcom,"Điện, nước & xăng dầu khí đốt"
HUB,HOSE,Xây dựng và Vật liệu
HVH,HOSE,Xây dựng và Vật liệu
HVN,HOSE,Du lịch và Giải trí
HVT,HNX,Hóa chất
ICG,HNX,Xây dựng và Vật liệu
INN,HNX,Hàng & Dịch vụ Công nghiệp
IPA,HNX,Hàng & Dịch vụ Công nghiệp
ITD,HOSE,Công nghệ Thông tin
KHP,HOSE,"Điện, nước & xăng dầu khí đốt"
KSQ,HNX,Xây dựng và Vật liệu
LCD,HNX,Xây dựng và Vật liệu
MCF,HNX,Thực phẩm và đồ uống
MCH,Upcom,Thực phẩm và đồ uống
MES,Upcom,Xây dựng và Vật liệu
MKP,Upcom,Y tế
MML,Upcom,Thực phẩm và đồ uống
MVB,HNX,Tài nguyên Cơ bản
NAG,HNX,Hàng & Dịch vụ Công nghiệp
NAV,HOSE,Xây dựng và Vật liệu
NBT,Upcom,"Điện, nước & xăng dầu khí đốt"
NBW,HNX,"Điện, nước & xăng dầu khí đốt"
NCG,Upcom,Thực phẩm và đồ uống
NFC,HNX,Hóa chất
NTP,HNX,Xây dựng và Vật liệu
NVT,HOSE,Bất động sản
PAC,HOSE,Hàng & Dịch vụ Công nghiệp
PCH,HNX,Hóa chất
PCT,HNX,Hàng & Dịch vụ Công nghiệp
PGC,HOSE,"Điện, nước & xăng dầu khí đốt"
PHP,Upcom,Hàng & Dịch vụ Công nghiệp
PIC,HNX,"Điện, nước & xăng dầu khí đốt"
PNC,HOSE,Truyền thông
POS,Upcom,Dầu khí
PQN,Upcom,Hàng & Dịch vụ Công nghiệp
PRC,HNX,Hàng & Dịch vụ Công nghiệp
PSC,HNX,Hàng & Dịch vụ Công nghiệp
PTT,Upcom,Hàng & Dịch vụ Công nghiệp
PVV,Upcom,Xây dựng và Vật liệu
PWS,Upcom,"Điện, nước & xăng dầu khí đốt"
QCG,HOSE,Bất động sản
QTC,HNX,Xây dựng và Vật liệu
RTB,Upcom,Hóa chất
SAS,Upcom,Bán lẻ
SD5,HNX,Xây dựng và Vật liệu
SEA,Upcom,Thực phẩm và đồ uống
SFG,HOSE,Hóa chất
SGP,Upcom,Hàng & Dịch vụ Công nghiệp
SHE,HNX,Hàng cá nhân & Gia dụng
SID,Upcom,Bất động sản
SJ1,HNX,Thực phẩm và đồ uống
SKG,HOSE,Du lịch và Giải trí
SKV,Upcom,Thực phẩm và đồ uống
SMC,HOSE,Tài nguyên Cơ bản
SPB,Upcom,Hàng cá nhân & Gia dụng
SPM,HOSE,Y tế
SQC,Upcom,Tài nguyên Cơ bản
SRA,HNX,Công nghệ Thông tin
SVC,HOSE,Ô tô và phụ tùng
TBD,Upcom,Hàng & Dịch vụ Công nghiệp
TBX,HNX,Xây dựng và Vật liệu
TCL,HOSE,Hàng & Dịch vụ Công nghiệp
TCT,HOSE,Du lịch và Giải trí
TFC,HNX,Thực phẩm và đồ uống
THN,Upcom,"Điện, nước & xăng dầu khí đốt"
THP,Upcom,Thực phẩm và đồ uống
TVN,Upcom,Tài nguyên Cơ bản
UPH,Upcom,Y tế
VGS,HNX,Tài nguyên Cơ bản
VHD,Upcom,Bất động sản
VHE,HNX,Y tế
VNZ,Upcom,Truyền thông
VPG,HOSE,Tài nguyên Cơ bản
VSH,HOSE,"Điện, nước & xăng dầu khí đốt"
VTC,HNX,Công nghệ Thông tin
VTG,Upcom,Du lịch và Giải trí
YEG,HOSE,Truyền thông
ACV,Upcom,Hàng & Dịch vụ Công nghiệp
AMS,Upcom,Hàng & Dịch vụ Công nghiệp
ANV,HOSE,Thực phẩm và đồ uống
APF,Upcom,Thực phẩm và đồ uống
API,HNX,Bất động sản
ARM,HNX,Hàng & Dịch vụ Công nghiệp
BBC,HOSE,Thực phẩm và đồ uống
BIG,Upcom,Thực phẩm và đồ uống
BKC,HNX,Tài nguyên Cơ bản
BMF,Upcom,"Điện, nước & xăng dầu khí đốt"
BMJ,Upcom,Tài nguyên Cơ bản
BOT,Upcom,Xây dựng và Vật liệu
BSA,Upcom,"Điện, nước & xăng dầu khí đốt"
BSR,Upcom,Dầu khí
BST,HNX,
BT6,Upcom,Xây dựng và Vật liệu
BWS,Upcom,"Điện, nước & xăng dầu khí đốt"
CCA,Upcom,Thực phẩm và đồ uống
CCR,HNX,Hàng & Dịch vụ Công nghiệp
CEN,Upcom,Bán lẻ
CIA,HNX,Hàng & Dịch vụ Công nghiệp
CIG,HOSE,Xây dựng và Vật liệu
CMX,HOSE,Thực phẩm và đồ uống
CSV,HOSE,Hóa chất
CTP,HNX,Thực phẩm và đồ uống
DAE,HNX,Truyền thông
DC2,HNX,Xây dựng và Vật liệu
DC4,HOSE,Xây dựng và Vật liệu
DDN,Upcom,Y tế
DFF,Upcom,Xây dựng và Vật liệu
DHM,HOSE,Tài nguyên Cơ bản
DL1,HNX,Hàng & Dịch vụ Công nghiệp
DPG,HOSE,Xây dựng và Vật liệu
DRI,Upcom,Hóa chất
DRL,HOSE,"Điện, nước & xăng dầu khí đốt"
DSD,Upcom,Du lịch và Giải trí
DTG,HNX,Y tế
DVP,HOSE,Hàng & Dịch vụ Công nghiệp
E12,Upcom,Xây dựng và Vật liệu
EIC,Upcom,Xây dựng và Vật liệu
ELC,HOSE,Công nghệ Thông tin
EVE,HOSE,Hàng cá nhân & Gia dụng
FDC,HOSE,Bất động sản
FGL,Upcom,Thực phẩm và đồ uống
FIR,HOSE,Bất động sản
FIT,HOSE,Y tế
GGG,Upcom,Ô tô và phụ tùng
GTS,Upcom,Xây dựng và Vật liệu
HDW,Upcom,"Điện, nước & xăng dầu khí đốt"
HEV,HNX,Truyền thông
HMH,HNX,Hàng & Dịch vụ Công nghiệp
HPG,HOSE,Tài nguyên Cơ bản
HSM,Upcom,Hàng cá nhân & Gia dụng
HT1,HOSE,Xây dựng và Vật liệu
HTN,HOSE,Bất động sản
HU4,Upcom,Xây dựng và Vật liệu
HUG,Upcom,Hàng cá nhân & Gia dụng
INC,HNX,Xây dựng và Vật liệu
IST,Upcom,Hàng & Dịch vụ Công nghiệp
ITQ,HNX,Tài nguyên Cơ bản
KTS,HNX,Thực phẩm và đồ uống
L10,HOSE,Hàng & Dịch vụ Công nghiệp
LHG,HOSE,Bất động sản
MCP,HOSE,Hàng & Dịch vụ Công nghiệp
MDG,HOSE,Xây dựng và Vật liệu
MEL,HNX,Tài nguyên Cơ bản
MPT,Upcom,Hàng cá nhân & Gia dụng
MWG,HOSE,Bán lẻ
NKG,HOSE,Tài nguyên Cơ bản
NS2,Upcom,"Điện, nước & xăng dầu khí đốt"
NTH,HNX,"Điện, nước & xăng dầu khí đốt"
OCH,HNX,Thực phẩm và đồ uống
ONE,HNX,Công nghệ Thông tin
PAT,Upcom,Hóa chất
PCE,HNX,Hóa chất
PDV,Upcom,Hàng & Dịch vụ Công nghiệp
PEG,Upcom,"Điện, nước & xăng dầu khí đốt"
PFL,Upcom,Xây dựng và Vật liệu
PGT,HNX,Du lịch và Giải trí
PHH,Upcom,Xây dựng và Vật liệu
PHN,HNX,Hàng & Dịch vụ Công nghiệp
PIT,HOSE,Bán lẻ
PMC,HNX,Y tế
PNJ,HOSE,Hàng cá nhân & Gia dụng
POW,HOSE,"Điện, nước & xăng dầu khí đốt"
PRT,Upcom,Bất động sản
PTC,HOSE,Xây dựng và Vật liệu
PTE,Upcom,Xây dựng và Vật liệu
PVD,HOSE,Dầu khí
PVH,Upcom,Xây dựng và Vật liệu
PVP,HOSE,Hàng & Dịch vụ Công nghiệp
PVX,Upcom,Xây dựng và Vật liệu
PXM,Upcom,Xây dựng và Vật liệu
QBS,Upcom,Hóa chất
QNP,HOSE,Hàng & Dịch vụ Công nghiệp
QST,HNX,Truyền thông
RCL,HNX,Bất động sản
RYG,HOSE,Xây dựng và Vật liệu
SAF,HNX,Thực phẩm và đồ uống
SBR,Upcom,Hóa chất
SBT,HOSE,Thực phẩm và đồ uống
SCD,Upcom,Thực phẩm và đồ uống
SDC,HNX,Hàng & Dịch vụ Công nghiệp
SEB,HNX,"Điện, nước & xăng dầu khí đốt"
SGI,Upcom,Hàng cá nhân & Gia dụng
SGN,HOSE,Hàng & Dịch vụ Công nghiệp
SGR,HOSE,Bất động sản
SGT,HOSE,Công nghệ Thông tin
SHP,HOSE,"Điện, nước & xăng dầu khí đốt"
SJE,HNX,Xây dựng và Vật liệu
SMA,HOSE,"Điện, nước & xăng dầu khí đốt"
SSC,HOSE,Thực phẩm và đồ uống
STK,HOSE,Hàng cá nhân & Gia dụng
TCW,Upcom,Hàng & Dịch vụ Công nghiệp
TDH,HOSE,Bất động sản
TED,Upcom,Xây dựng và Vật liệu
TH1,Upcom,Bán lẻ
TMB,HNX,Tài nguyên Cơ bản
TMG,Upcom,Tài nguyên Cơ bản
TMS,HOSE,Hàng & Dịch vụ Công nghiệp
TNH,HOSE,Y tế
TOS,Upcom,Dầu khí
TTB,Upcom,Xây dựng và Vật liệu
TTS,Upcom,Tài nguyên Cơ bản
V12,HNX,Xây dựng và Vật liệu
VAF,HOSE,Hóa chất
VAV,Upcom,"Điện, nước & xăng dầu khí đốt"
VCX,Upcom,Xây dựng và Vật liệu
VDP,HOSE,Y tế
VGR,Upcom,Hàng & Dịch vụ Công nghiệp
VIF,HNX,Tài nguyên Cơ bản
VNL,HOSE,Hàng & Dịch vụ Công nghiệp
VPA,Upcom,Hàng & Dịch vụ Công nghiệp
VSF,Upcom,Thực phẩm và đồ uống
VSI,HOSE,Xây dựng và Vật liệu
VTP,HOSE,Hàng & Dịch vụ Công nghiệp
VVN,Upcom,Xây dựng và Vật liệu
XDH,Upcom,Bất động sản
AAH,Upcom,Tài nguyên Cơ bản
AME,HNX,Hàng & Dịch vụ Công nghiệp
ANT,Upcom,Thực phẩm và đồ uống
ASG,HOSE,Hàng & Dịch vụ Công nghiệp
ATS,HNX,Du lịch và Giải trí
BAF,HOSE,Thực phẩm và đồ uống
BAX,HNX,Xây dựng và Vật liệu
BED,HNX,Truyền thông
BTP,HOSE,"Điện, nước & xăng dầu khí đốt"
C21,Upcom,Bất động sản
CCL,HOSE,Bất động sản
CCT,Upcom,Hàng & Dịch vụ Công nghiệp
CDP,Upcom,Y tế
CLL,HOSE,Hàng & Dịch vụ Công nghiệp
CLM,HNX,Tài nguyên Cơ bản
CLW,HOSE,"Điện, nước & xăng dầu khí đốt"
CMI,Upcom,Xây dựng và Vật liệu
CMS,HNX,Xây dựng và Vật liệu
CPI,Upcom,Hàng & Dịch vụ Công nghiệp
CRE,HOSE,Bất động sản
DBC,HOSE,Thực phẩm và đồ uống
DGT,Upcom,Xây dựng và Vật liệu
DHA,HOSE,Xây dựng và Vật liệu
DMC,HOSE,Y tế
DND,Upcom,Xây dựng và Vật liệu
DNW,Upcom,"Điện, nước & xăng dầu khí đốt"
DPM,HOSE,Hóa chất
DSG,Upcom,Xây dựng và Vật liệu
DTD,HNX,Bất động sản
DXP,HNX,Hàng & Dịch vụ Công nghiệp
FCN,HOSE,Xây dựng và Vật liệu
FIC,Upcom,Xây dựng và Vật liệu
GLW,Upcom,"Điện, nước & xăng dầu khí đốt"
HAS,HOSE,Xây dựng và Vật liệu
HGT,Upcom,Du lịch và Giải trí
HHV,HOSE,Xây dựng và Vật liệu
HII,HOSE,Hóa chất
HJS,HNX,"Điện, nước & xăng dầu khí đốt"
HLD,HNX,Bất động sản
HNI,Upcom,Hàng cá nhân & Gia dụng
HTI,HOSE,Xây dựng và Vật liệu
ICN,Upcom,Xây dựng và Vật liệu
ICT,HOSE,Công nghệ Thông tin
IDI,HOSE,Thực phẩm và đồ uống
IDP,Upcom,Thực phẩm và đồ uống
IJC,HOSE,Bất động sản
ILB,HOSE,Hàng & Dịch vụ Công nghiệp
KDH,HOSE,Bất động sản
KSB,HOSE,Tài nguyên Cơ bản
KSV,HNX,Tài nguyên Cơ bản
LBE,HNX,Hàng cá nhân & Gia dụng
LDW,Upcom,"Điện, nước & xăng dầu khí đốt"
LIG,HNX,Xây dựng và Vật liệu
MH3,Upcom,Bất động sản
MHC,HOSE,Hàng & Dịch vụ Công nghiệp
NCS,Upcom,Thực phẩm và đồ uống
NET,HNX,Hàng cá nhân & Gia dụng
NHC,HNX,Xây dựng và Vật liệu
NHH,HOSE,Hóa chất
NHT,HOSE,Hàng cá nhân & Gia dụng
NO1,HOSE,Hàng & Dịch vụ Công nghiệp
NOS,Upcom,Hàng & Dịch vụ Công nghiệp
PHC,HOSE,Xây dựng và Vật liệu
PIA,HNX,Viễn thông
PLP,HOSE,Hóa chất
PLX,HOSE,Dầu khí
POT,HNX,Công nghệ Thông tin
PPS,HNX,Hàng & Dịch vụ Công nghiệp
PSE,HNX,Hóa chất
PVC,HNX,Dầu khí
PVG,HNX,"Điện, nước & xăng dầu khí đốt"
PXL,Upcom,Bất động sản
PXS,Upcom,Xây dựng và Vật liệu
RCC,Upcom,Xây dựng và Vật liệu
SCG,HNX,Xây dựng và Vật liệu
SD3,Upcom,Xây dựng và Vật liệu
SD6,HNX,Xây dựng và Vật liệu
SDT,Upcom,Xây dựng và Vật liệu
SHI,HOSE,Tài nguyên Cơ bản
SII,Upcom,"Điện, nước & xăng dầu khí đốt"
SIP,HOSE,Bất động sản
SMN,HNX,Truyền thông
STC,HNX,Truyền thông
STH,Upcom,Truyền thông
SVN,HNX,Xây dựng và Vật liệu
SZB,HNX,Bất động sản
SZG,Upcom,Bất động sản
TA9,HNX,Xây dựng và Vật liệu
TCR,HOSE,Xây dựng và Vật liệu
TDG,HOSE,"Điện, nước & xăng dầu khí đốt"
TDP,HOSE,Hàng & Dịch vụ Công nghiệp
TDS,Upcom,Tài nguyên Cơ bản
TEG,HOSE,Bất động sản
TGG,Upcom,Xây dựng và Vật liệu
TMX,HNX,Xây dựng và Vật liệu
TNB,Upcom,Tài nguyên Cơ bản
TNG,HNX,Hàng cá nhân & Gia dụng
TNS,Upcom,Tài nguyên Cơ bản
TT6,Upcom,Thực phẩm và đồ uống
TTD,Upcom,Y tế
TTL,HNX,Xây dựng và Vật liệu
TV3,HNX,Xây dựng và Vật liệu
TVC,HNX,Dịch vụ tài chính
UDC,Upcom,Xây dựng và Vật liệu
VCC,HNX,Xây dựng và Vật liệu
VCS,HNX,Xây dựng và Vật liệu
VEC,Upcom,Công nghệ Thông tin
VFC,Upcom,Hàng & Dịch vụ Công nghiệp
VGT,Upcom,Hàng cá nhân & Gia dụng
VGV,Upcom,Bất động sản
VIW,Upcom,Xây dựng và Vật liệu
VLB,Upcom,Xây dựng và Vật liệu
VLW,Upcom,"Điện, nước & xăng dầu khí đốt"
VNC,HNX,Hàng & Dịch vụ Công nghiệp
VNE,HOSE,Xây dựng và Vật liệu
VNS,HOSE,Du lịch và Giải trí
VOC,Upcom,Thực phẩm và đồ uống
VOS,HOSE,Hàng & Dịch vụ Công nghiệp
VRC,HOSE,Bất động sản
XHC,Upcom,Hàng cá nhân & Gia dụng
AGP,Upcom,Y tế
AMC,HNX,Tài nguyên Cơ bản
ASM,HOSE,Thực phẩm và đồ uống
AVC,Upcom,"Điện, nước & xăng dầu khí đốt"
BMC,HOSE,Tài nguyên Cơ bản
BRC,HOSE,Hóa chất
BSL,Upcom,Thực phẩm và đồ uống
BTS,HNX,Xây dựng và Vật liệu
C69,HNX,Xây dựng và Vật liệu
CAG,HNX,Hàng & Dịch vụ Công nghiệp
CLX,Upcom,Thực phẩm và đồ uống
CMG,HOSE,Công nghệ Thông tin
CMP,Upcom,Hàng & Dịch vụ Công nghiệp
CRC,HOSE,Xây dựng và Vật liệu
CSM,HOSE,Ô tô và phụ tùng
CST,Upcom,Tài nguyên Cơ bản
D11,HNX,Bất động sản
DGW,HOSE,Bán lẻ
DLR,Upcom,Xây dựng và Vật liệu
DRC,HOSE,Ô tô và phụ tùng
DRH,HOSE,Bất động sản
DST,HNX,Truyền thông
DTT,HOSE,Hóa chất
ECI,HNX,Truyền thông
GEE,Upcom,Hàng & Dịch vụ Công nghiệp
GLT,HNX,Hàng cá nhân & Gia dụng
HAD,HNX,Thực phẩm và đồ uống
HAP,HOSE,Tài nguyên Cơ bản
HC3,Upcom,Xây dựng và Vật liệu
HDG,HOSE,Bất động sản
HHC,HNX,Thực phẩm và đồ uống
HNG,HOSE,Thực phẩm và đồ uống
HNR,Upcom,Thực phẩm và đồ uống
HSL,HOSE,Thực phẩm và đồ uống
HTG,HOSE,Hàng cá nhân & Gia dụng
HU1,HOSE,Xây dựng và Vật liệu
HWS,Upcom,"Điện, nước & xăng dầu khí đốt"
ILS,Upcom,Hàng & Dịch vụ Công nghiệp
IMP,HOSE,Y tế
ITS,Upcom,Hàng & Dịch vụ Công nghiệp
KBC,HOSE,Bất động sản
KGM,Upcom,Bán lẻ
KHG,HOSE,Bất động sản
KMR,HOSE,Hàng cá nhân & Gia dụng
KSD,HNX,Hàng cá nhân & Gia dụng
KTL,Upcom,Tài nguyên Cơ bản
LAS,HNX,Hóa chất
LCG,HOSE,Xây dựng và Vật liệu
LEC,HOSE,Bất động sản
LGC,HOSE,Xây dựng và Vật liệu
LSG,Upcom,Bất động sản
MAC,HNX,Hàng & Dịch vụ Công nghiệp
MCG,Upcom,Xây dựng và Vật liệu
MKV,HNX,Y tế
NAP,HNX,Hàng & Dịch vụ Công nghiệp
NBB,HOSE,Bất động sản
NBC,HNX,Tài nguyên Cơ bản
ND2,Upcom,"Điện, nước & xăng dầu khí đốt"
NHA,HOSE,Xây dựng và Vật liệu
NLG,HOSE,Bất động sản
NNC,HOSE,Xây dựng và Vật liệu
NT2,HOSE,"Điện, nước & xăng dầu khí đốt"
PAN,HOSE,Thực phẩm và đồ uống
PBT,Upcom,Hàng & Dịch vụ Công nghiệp
PDB,HNX,Xây dựng và Vật liệu
PDC,Upcom,Du lịch và Giải trí
PGN,HNX,Hóa chất
PHR,HOSE,Hóa chất
PJT,HOSE,Hàng & Dịch vụ Công nghiệp
PPP,HNX,Y tế
PSH,HOSE,"Điện, nước & xăng dầu khí đốt"
PSN,Upcom,Hàng & Dịch vụ Công nghiệp
PV2,HNX,Bất động sản
QNC,Upcom,Xây dựng và Vật liệu
QPH,Upcom,"Điện, nước & xăng dầu khí đốt"
SAV,HOSE,Tài nguyên Cơ bản
SBH,Upcom,"Điện, nước & xăng dầu khí đốt"
SCI,HNX,Xây dựng và Vật liệu
SD4,Upcom,Xây dựng và Vật liệu
SD9,HNX,Xây dựng và Vật liệu
SDA,HNX,Hàng & Dịch vụ Công nghiệp
SDN,HNX,Xây dựng và Vật liệu
SED,HNX,Truyền thông
SGC,HNX,Thực phẩm và đồ uống
SGH,HNX,Du lịch và Giải trí
SPD,Upcom,Thực phẩm và đồ uống
STW,Upcom,"Điện, nước & xăng dầu khí đốt"
TBC,HOSE,"Điện, nước & xăng dầu khí đốt"
TDF,Upcom,Xây dựng và Vật liệu
TDM,HOSE,"Điện, nước & xăng dầu khí đốt"
TKU,HNX,Tài nguyên Cơ bản
TLH,HOSE,Tài nguyên Cơ bản
TMP,HOSE,"Điện, nước & xăng dầu khí đốt"
TMT,HOSE,Ô tô và phụ tùng
TN1,HOSE,Bất động sản
TNI,HOSE,Tài nguyên Cơ bản
TOT,HNX,Hàng & Dịch vụ Công nghiệp
TSB,HNX,Hàng & Dịch vụ Công nghiệp
TTT,HNX,Du lịch và Giải trí
TXM,HNX,Xây dựng và Vật liệu
UIC,HOSE,"Điện, nước & xăng dầu khí đốt"
VBC,HNX,Hàng & Dịch vụ Công nghiệp
VC6,HNX,Xây dựng và Vật liệu
VCP,Upcom,"Điện, nước & xăng dầu khí đốt"
VDL,HNX,Thực phẩm và đồ uống
VE4,HNX,Xây dựng và Vật liệu
VGG,Upcom,Hàng cá nhân & Gia dụng
VGI,Upcom,Viễn thông
VHF,Upcom,Thực phẩm và đồ uống
VHG,Upcom,Hàng & Dịch vụ Công nghiệp
VIT,HNX,Xây dựng và Vật liệu
VKC,Upcom,Ô tô và phụ tùng
VNP,Upcom,Hóa chất
VPD,HOSE,"Điện, nước & xăng dầu khí đốt"
VRE,HOSE,Bất động sản
VST,Upcom,Hàng & Dịch vụ Công nghiệp
VTD,Upcom,Du lịch và Giải trí
VTQ,Upcom,Hóa chất
VTZ,HNX,Hóa chất
XPH,Upcom,Hàng cá nhân & Gia dụng
TOP,Upcom,Bán lẻ
SCY,Upcom,
NQT,Upcom,
LMH,Upcom,Bất động sản
EIN,Upcom,Du lịch và Giải trí
DCS,Upcom,Hàng cá nhân & Gia dụng
CAP,HNX,Tài nguyên Cơ bản
CC4,Upcom,
VMD,HOSE,Y tế
MPC,Upcom,Thực phẩm và đồ uống
HPD,Upcom,"Điện, nước & xăng dầu khí đốt"
CBV,Upcom,
TS4,Upcom,Thực phẩm và đồ uống
SDU,HNX,Xây dựng và Vật liệu
PEQ,Upcom,Dầu khí
HKB,Upcom,Thực phẩm và đồ uống
GMA,HNX,Ô tô và phụ tùng
BDT,Upcom,Xây dựng và Vật liệu
BCA,Upcom,Tài nguyên Cơ bản
TLP,Upcom,"Điện, nước & xăng dầu khí đốt"
SJF,HOSE,Tài nguyên Cơ bản
PVE,Upcom,Dầu khí
HTP,HNX,Truyền thông
GIL,HOSE,Hàng cá nhân & Gia dụng
FUEVN100,HOSE,
CMV,HOSE,Bán lẻ
TPH,HNX,
PXA,Upcom,Bất động sản
POM,Upcom,Tài nguyên Cơ bản
PAS,Upcom,Tài nguyên Cơ bản
KPF,HOSE,Xây dựng và Vật liệu
HOT,Upcom,Du lịch và Giải trí
DTE,Upcom,"Điện, nước & xăng dầu khí đốt"
DPC,Upcom,Hàng & Dịch vụ Công nghiệp
CT6,Upcom,Xây dựng và Vật liệu
AGM,HOSE,Thực phẩm và đồ uống
ILA,Upcom,Xây dựng và Vật liệu
DMN,Upcom,Thực phẩm và đồ uống
CCP,Upcom,Hàng & Dịch vụ Công nghiệp
VTS,Upcom,Xây dựng và Vật liệu
PLO,Upcom,Hàng & Dịch vụ Công nghiệp
HAI,Upcom,Hóa chất
DVG,HNX,Xây dựng và Vật liệu
CRV,HOSE,
VE8,HNX,Xây dựng và Vật liệu
PVA,Upcom,Xây dựng và Vật liệu
PCG,HNX,"Điện, nước & xăng dầu khí đốt"
KSH,Upcom,Thực phẩm và đồ uống
GKM,HNX,Xây dựng và Vật liệu
ATB,Upcom,Xây dựng và Vật liệu
AMP,Upcom,Y tế
A32,Upcom,Hàng cá nhân & Gia dụng
APP,Upcom,Hóa chất
ATA,Upcom,Thực phẩm và đồ uống
BHP,Upcom,Thực phẩm và đồ uống
BMG,Upcom,Hàng cá nhân & Gia dụng
BRS,Upcom,Hàng & Dịch vụ Công nghiệp
BSD,Upcom,Thực phẩm và đồ uống
BVN,Upcom,Hàng cá nhân & Gia dụng
CAT,Upcom,Thực phẩm và đồ uống
CDG,Upcom,Xây dựng và Vật liệu
CMT,Upcom,Công nghệ Thông tin
CMN,Upcom,Thực phẩm và đồ uống
DAC,Upcom,Xây dựng và Vật liệu
ILC,Upcom,Hàng & Dịch vụ Công nghiệp
L62,Upcom,Hàng & Dịch vụ Công nghiệp
LM3,Upcom,Xây dựng và Vật liệu
MFS,Upcom,Viễn thông
MQB,Upcom,Hàng & Dịch vụ Công nghiệp
PEC,Upcom,Hàng & Dịch vụ Công nghiệp
PTG,Upcom,Hàng cá nhân & Gia dụng
PVO,Upcom,Hóa chất
QNU,Upcom,Hàng & Dịch vụ Công nghiệp
RAT,Upcom,Hàng & Dịch vụ Công nghiệp
RBC,Upcom,Hóa chất
SEP,Upcom,Hóa chất
SGV,Upcom,
SHC,Upcom,Hàng & Dịch vụ Công nghiệp
SJM,Upcom,Xây dựng và Vật liệu
TAN,Upcom,Thực phẩm và đồ uống
TBW,Upcom,"Điện, nước & xăng dầu khí đốt"
TQW,Upcom,"Điện, nước & xăng dầu khí đốt"
VCT,Upcom,Hàng & Dịch vụ Công nghiệp
VQC,Upcom,Hàng & Dịch vụ Công nghiệp
VSG,Upcom,Hàng & Dịch vụ Công nghiệp
BAL,Upcom,Hàng & Dịch vụ Công nghiệp
BCP,Upcom,Y tế
BEL,Upcom,Hàng cá nhân & Gia dụng
BHK,Upcom,Thực phẩm và đồ uống
CDR,Upcom,Xây dựng và Vật liệu
CFM,Upcom,Hàng & Dịch vụ Công nghiệp
CIP,Upcom,Xây dựng và Vật liệu
CNA,Upcom,Thực phẩm và đồ uống
DLD,Upcom,Du lịch và Giải trí
DMS,Upcom,"Điện, nước & xăng dầu khí đốt"
DNL,Upcom,Hàng & Dịch vụ Công nghiệp
DOC,Upcom,Hóa chất
DPP,Upcom,Y tế
EFI,Upcom,Bất động sản
DUS,Upcom,Hàng & Dịch vụ Công nghiệp
GVT,Upcom,Tài nguyên Cơ bản
HDS,Upcom,
HEP,Upcom,Hàng & Dịch vụ Công nghiệp
HLO,Upcom,Hàng & Dịch vụ Công nghiệp
HMS,Upcom,Xây dựng và Vật liệu
ICI,Upcom,Xây dựng và Vật liệu
L12,Upcom,Xây dựng và Vật liệu
L45,Upcom,Xây dựng và Vật liệu
LM7,Upcom,Hàng & Dịch vụ Công nghiệp
MTL,Upcom,Hàng & Dịch vụ Công nghiệp
MTC,Upcom,
MLC,Upcom,Hàng & Dịch vụ Công nghiệp
MLS,Upcom,Thực phẩm và đồ uống
NDC,Upcom,Y tế
NLS,Upcom,"Điện, nước & xăng dầu khí đốt"
NUE,Upcom,Hàng & Dịch vụ Công nghiệp
PCM,Upcom,Xây dựng và Vật liệu
PNG,Upcom,Du lịch và Giải trí
SCC,Upcom,Xây dựng và Vật liệu
SIV,Upcom,Xây dựng và Vật liệu
SKN,Upcom,Thực phẩm và đồ uống
TBR,Upcom,Bất động sản
TCD,HOSE,Xây dựng và Vật liệu
THU,Upcom,Hàng & Dịch vụ Công nghiệp
TEL,Upcom,Xây dựng và Vật liệu
TRT,Upcom,Xây dựng và Vật liệu
VBG,Upcom,Tài nguyên Cơ bản
TVG,Upcom,Xây dựng và Vật liệu
VIM,Upcom,Tài nguyên Cơ bản
VLP,Upcom,Hàng & Dịch vụ Công nghiệp
VWS,Upcom,"Điện, nước & xăng dầu khí đốt"
VXT,Upcom,Hàng & Dịch vụ Công nghiệp
XMD,Upcom,Xây dựng và Vật liệu
ALV,Upcom,Xây dựng và Vật liệu
APL,Upcom,Hàng & Dịch vụ Công nghiệp
BBM,Upcom,Thực phẩm và đồ uống
BHC,Upcom,Xây dựng và Vật liệu
BLF,Upcom,Thực phẩm và đồ uống
CNN,Upcom,Xây dựng và Vật liệu
BTN,Upcom,Xây dựng và Vật liệu
DCR,Upcom,Xây dựng và Vật liệu
DTH,Upcom,Y tế
DVW,Upcom,Xây dựng và Vật liệu
DXL,Upcom,Du lịch và Giải trí
EMG,Upcom,Hàng & Dịch vụ Công nghiệp
FRC,Upcom,Tài nguyên Cơ bản
GH3,Upcom,Xây dựng và Vật liệu
GLC,Upcom,Tài nguyên Cơ bản
IN4,Upcom,Truyền thông
HPT,Upcom,Công nghệ Thông tin
HPH,Upcom,Hóa chất
L35,Upcom,Hàng & Dịch vụ Công nghiệp
L61,Upcom,Hàng & Dịch vụ Công nghiệp
LGM,Upcom,
MEF,Upcom,Y tế
MND,Upcom,Hàng & Dịch vụ Công nghiệp
MPY,Upcom,Hàng & Dịch vụ Công nghiệp
MTV,Upcom,Hàng & Dịch vụ Công nghiệp
PLA,Upcom,Xây dựng và Vật liệu
PLE,Upcom,Xây dựng và Vật liệu
PND,Upcom,"Điện, nước & xăng dầu khí đốt"
PTO,Upcom,Xây dựng và Vật liệu
QNT,Upcom,Xây dựng và Vật liệu
QSP,Upcom,Hàng & Dịch vụ Công nghiệp
SD7,Upcom,Xây dựng và Vật liệu
SSG,Upcom,Hàng & Dịch vụ Công nghiệp
TLT,Upcom,Xây dựng và Vật liệu
TUG,Upcom,Hàng & Dịch vụ Công nghiệp
TVM,Upcom,Hàng & Dịch vụ Công nghiệp
TV6,Upcom,Bất động sản
USD,Upcom,Hàng & Dịch vụ Công nghiệp
VDB,Upcom,Tài nguyên Cơ bản
VDN,Upcom,Hàng cá nhân & Gia dụng
VDT,Upcom,Tài nguyên Cơ bản
VMK,Upcom,Xây dựng và Vật liệu
VTI,Upcom,Hàng cá nhân & Gia dụng
WTC,Upcom,Hàng & Dịch vụ Công nghiệp
BBT,Upcom,Hàng cá nhân & Gia dụng
BCB,Upcom,Tài nguyên Cơ bản
BCG,HOSE,Dịch vụ tài chính
BMD,Upcom,Hàng & Dịch vụ Công nghiệp
BTU,Upcom,Hàng & Dịch vụ Công nghiệp
BWA,Upcom,"Điện, nước & xăng dầu khí đốt"
CGV,Upcom,Xây dựng và Vật liệu
CHC,Upcom,Xây dựng và Vật liệu
DBM,Upcom,Y tế
DLT,Upcom,Du lịch và Giải trí
DNE,Upcom,Hàng & Dịch vụ Công nghiệp
DPH,Upcom,Y tế
EPC,Upcom,Thực phẩm và đồ uống
EPH,Upcom,
FT1,Upcom,Hàng & Dịch vụ Công nghiệp
HFC,Upcom,"Điện, nước & xăng dầu khí đốt"
HNP,Upcom,Hóa chất
HRB,Upcom,Bất động sản
IBD,Upcom,Truyền thông
ICC,Upcom,Xây dựng và Vật liệu
ISG,Upcom,Hàng & Dịch vụ Công nghiệp
KCE,Upcom,
KIP,Upcom,Hàng & Dịch vụ Công nghiệp
LQN,Upcom,Xây dựng và Vật liệu
MGG,Upcom,Hàng cá nhân & Gia dụng
MTX,Upcom,
MRF,Upcom,Y tế
NAC,Upcom,Xây dựng và Vật liệu
NAU,Upcom,Hàng & Dịch vụ Công nghiệp
NWT,Upcom,Du lịch và Giải trí
NVP,Upcom,"Điện, nước & xăng dầu khí đốt"
POB,Upcom,"Điện, nước & xăng dầu khí đốt"
PTP,Upcom,Viễn thông
QCC,Upcom,Xây dựng và Vật liệu
QHW,Upcom,Thực phẩm và đồ uống
SDP,Upcom,Xây dựng và Vật liệu
SDY,Upcom,Xây dựng và Vật liệu
SPH,Upcom,Thực phẩm và đồ uống
THW,Upcom,"Điện, nước & xăng dầu khí đốt"
UCT,Upcom,Hàng & Dịch vụ Công nghiệp
UPC,Upcom,"Điện, nước & xăng dầu khí đốt"
VGL,Upcom,Tài nguyên Cơ bản
VMT,Upcom,Hàng & Dịch vụ Công nghiệp
VPC,Upcom,Xây dựng và Vật liệu
VTK,Upcom,Hàng & Dịch vụ Công nghiệp
BLT,Upcom,Thực phẩm và đồ uống
BMN,Upcom,
BT1,Upcom,Hóa chất
BTD,Upcom,Xây dựng và Vật liệu
C22,Upcom,Thực phẩm và đồ uống
CI5,Upcom,Xây dựng và Vật liệu
CCS,Upcom,
CDH,Upcom,Hàng & Dịch vụ Công nghiệp
CH5,Upcom,Xây dựng và Vật liệu
CPH,Upcom,Bán lẻ
DHN,Upcom,Y tế
DKW,Upcom,"Điện, nước & xăng dầu khí đốt"
DIC,Upcom,Xây dựng và Vật liệu
DTB,Upcom,
FBC,Upcom,Hàng & Dịch vụ Công nghiệp
GCB,Upcom,"Điện, nước & xăng dầu khí đốt"
FTI,Upcom,Ô tô và phụ tùng
HDP,Upcom,Y tế
HFX,Upcom,Bán lẻ
HES,Upcom,Du lịch và Giải trí
HFB,Upcom,Xây dựng và Vật liệu
HLB,Upcom,Thực phẩm và đồ uống
HPB,Upcom,Hàng & Dịch vụ Công nghiệp
IHK,Upcom,Truyền thông
IME,Upcom,Hàng & Dịch vụ Công nghiệp
KHD,Upcom,Tài nguyên Cơ bản
L43,Upcom,Xây dựng và Vật liệu
MDA,Upcom,Hàng & Dịch vụ Công nghiệp
NEM,Upcom,
PCF,Upcom,Thực phẩm và đồ uống
PMJ,Upcom,Công nghệ Thông tin
PMT,Upcom,Công nghệ Thông tin
SAP,Upcom,Truyền thông
SDK,Upcom,Hàng & Dịch vụ Công nghiệp
SPV,Upcom,Thực phẩm và đồ uống
SRB,Upcom,Công nghệ Thông tin
STS,Upcom,Hàng & Dịch vụ Công nghiệp
TR1,Upcom,Hàng & Dịch vụ Công nghiệp
TS3,Upcom,Xây dựng và Vật liệu
TLI,Upcom,Hàng cá nhân & Gia dụng
TSD,Upcom,Du lịch và Giải trí
VDG,Upcom,Hàng cá nhân & Gia dụng
VIH,Upcom,Xây dựng và Vật liệu
VIR,Upcom,Du lịch và Giải trí
VNI,Upcom,Bất động sản
VW3,Upcom,Xây dựng và Vật liệu
ACE,Upcom,Xây dựng và Vật liệu
ACS,Upcom,Xây dựng và Vật liệu
AGX,Upcom,Bán lẻ
BCR,Upcom,Xây dựng và Vật liệu
BHG,Upcom,Thực phẩm và đồ uống
BVG,Upcom,Tài nguyên Cơ bản
C92,Upcom,Xây dựng và Vật liệu
CK8,Upcom,Bất động sản
CYC,Upcom,Xây dựng và Vật liệu
DCH,Upcom,Bất động sản
DKC,Upcom,Bán lẻ
E29,Upcom,Xây dựng và Vật liệu
FCC,Upcom,Bất động sản
FHN,Upcom,Bán lẻ
HC1,Upcom,Xây dựng và Vật liệu
HPP,Upcom,Xây dựng và Vật liệu
HU6,Upcom,Bất động sản
HU3,Upcom,Xây dựng và Vật liệu
KWA,Upcom,"Điện, nước & xăng dầu khí đốt"
LMI,Upcom,Hàng & Dịch vụ Công nghiệp
LNC,Upcom,Hóa chất
MA1,Upcom,Bất động sản
MBN,Upcom,Hàng & Dịch vụ Công nghiệp
MBT,Upcom,Bất động sản
MGC,Upcom,Tài nguyên Cơ bản
MEC,Upcom,Xây dựng và Vật liệu
MTH,Upcom,Hàng & Dịch vụ Công nghiệp
MQN,Upcom,Hàng & Dịch vụ Công nghiệp
NBE,Upcom,Truyền thông
NDP,Upcom,Y tế
NJC,Upcom,Hàng cá nhân & Gia dụng
NNT,Upcom,"Điện, nước & xăng dầu khí đốt"
NTW,Upcom,"Điện, nước & xăng dầu khí đốt"
NSG,Upcom,Hóa chất
PAI,Upcom,Viễn thông
PCC,Upcom,Xây dựng và Vật liệu
PJS,Upcom,"Điện, nước & xăng dầu khí đốt"
PNT,Upcom,Xây dựng và Vật liệu
PSL,Upcom,Thực phẩm và đồ uống
PRO,Upcom,Thực phẩm và đồ uống
PWA,Upcom,Bất động sản
SAL,Upcom,Hàng & Dịch vụ Công nghiệp
SB1,Upcom,Thực phẩm và đồ uống
TAB,Upcom,Hàng & Dịch vụ Công nghiệp
TB8,Upcom,Hàng & Dịch vụ Công nghiệp
TPS,Upcom,Du lịch và Giải trí
TQN,Upcom,Tài nguyên Cơ bản
TTG,Upcom,Hàng cá nhân & Gia dụng
VHH,Upcom,Xây dựng và Vật liệu
VIE,Upcom,Công nghệ Thông tin
VNX,Upcom,Truyền thông
VMA,Upcom,Ô tô và phụ tùng
VMG,Upcom,"Điện, nước & xăng dầu khí đốt"
VPW,Upcom,"Điện, nước & xăng dầu khí đốt"
VSE,Upcom,Hàng & Dịch vụ Công nghiệp
VTM,Upcom,Du lịch và Giải trí
XLV,Upcom,Xây dựng và Vật liệu
YTC,Upcom,Y tế
BBH,Upcom,Hàng & Dịch vụ Công nghiệp
CCM,Upcom,Xây dựng và Vật liệu
CCV,Upcom,Xây dựng và Vật liệu
CID,Upcom,Xây dựng và Vật liệu
DDH,Upcom,Hàng & Dịch vụ Công nghiệp
FRM,Upcom,Tài nguyên Cơ bản
DZM,Upcom,Hàng & Dịch vụ Công nghiệp
GTD,Upcom,Hàng cá nhân & Gia dụng
FSO,Upcom,Hàng & Dịch vụ Công nghiệp
GER,Upcom,Hóa chất
HAM,Upcom,Xây dựng và Vật liệu
HBD,Upcom,Hàng & Dịch vụ Công nghiệp
HCB,Upcom,
HCI,Upcom,Xây dựng và Vật liệu
HD2,Upcom,Bất động sản
HD8,Upcom,Bất động sản
HEC,Upcom,Hàng & Dịch vụ Công nghiệp
HEJ,Upcom,Xây dựng và Vật liệu
HLY,Upcom,Xây dựng và Vật liệu
HMG,Upcom,Tài nguyên Cơ bản
HNB,Upcom,Hàng & Dịch vụ Công nghiệp
L63,Upcom,Hàng & Dịch vụ Công nghiệp
LG9,Upcom,Xây dựng và Vật liệu
LKW,Upcom,"Điện, nước & xăng dầu khí đốt"
MTB,Upcom,Hàng & Dịch vụ Công nghiệp
MTG,Upcom,"Điện, nước & xăng dầu khí đốt"
NAS,Upcom,Hàng & Dịch vụ Công nghiệp
NXT,Upcom,Xây dựng và Vật liệu
ONW,Upcom,Du lịch và Giải trí
S12,Upcom,Xây dựng và Vật liệu
SCO,Upcom,Hàng & Dịch vụ Công nghiệp
S74,Upcom,Xây dựng và Vật liệu
SAC,Upcom,Hàng & Dịch vụ Công nghiệp
SDJ,Upcom,
SDV,Upcom,Hàng & Dịch vụ Công nghiệp
STT,Upcom,Du lịch và Giải trí
TA6,Upcom,Xây dựng và Vật liệu
TAW,Upcom,"Điện, nước & xăng dầu khí đốt"
TDB,Upcom,"Điện, nước & xăng dầu khí đốt"
TMW,Upcom,Tài nguyên Cơ bản
TKA,Upcom,Hàng & Dịch vụ Công nghiệp
TOW,Upcom,"Điện, nước & xăng dầu khí đốt"
TVH,Upcom,Xây dựng và Vật liệu
TW3,Upcom,Y tế
V11,Upcom,
UDL,Upcom,Hàng & Dịch vụ Công nghiệp
UMC,Upcom,Xây dựng và Vật liệu
USC,Upcom,Xây dựng và Vật liệu
VES,Upcom,Bất động sản
VTA,Upcom,Xây dựng và Vật liệu
VXP,Upcom,Hóa chất
X77,Upcom,Xây dựng và Vật liệu
AG1,Upcom,Hàng cá nhân & Gia dụng
APT,Upcom,Thực phẩm và đồ uống
BCV,Upcom,Du lịch và Giải trí
BIO,Upcom,Y tế
BLN,Upcom,Du lịch và Giải trí
BQB,Upcom,Thực phẩm và đồ uống
BTB,Upcom,Thực phẩm và đồ uống
BTG,Upcom,Hàng & Dịch vụ Công nghiệp
CKA,Upcom,Hàng & Dịch vụ Công nghiệp
CMK,Upcom,Hàng & Dịch vụ Công nghiệp
CNC,Upcom,Y tế
DFC,Upcom,Tài nguyên Cơ bản
DAS,Upcom,Ô tô và phụ tùng
DC1,Upcom,Xây dựng và Vật liệu
DCG,Upcom,Hàng cá nhân & Gia dụng
CTC,HNX,Du lịch và Giải trí
DNM,Upcom,Y tế
DNT,Upcom,Du lịch và Giải trí
DOP,Upcom,Hàng & Dịch vụ Công nghiệp
DVC,Upcom,"Điện, nước & xăng dầu khí đốt"
EME,Upcom,Hàng & Dịch vụ Công nghiệp
GND,Upcom,Xây dựng và Vật liệu
H11,Upcom,Xây dựng và Vật liệu
HHN,Upcom,Hàng & Dịch vụ Công nghiệp
HLS,Upcom,Hàng & Dịch vụ Công nghiệp
KCB,Upcom,Tài nguyên Cơ bản
LMC,Upcom,Tài nguyên Cơ bản
MTP,Upcom,Y tế
NSS,Upcom,Thực phẩm và đồ uống
NTF,Upcom,Y tế
ODE,Upcom,Truyền thông
PTH,Upcom,"Điện, nước & xăng dầu khí đốt"
SHG,Upcom,Xây dựng và Vật liệu
SIG,Upcom,Xây dựng và Vật liệu
SNC,Upcom,Thực phẩm và đồ uống
SST,Upcom,
TCJ,Upcom,Thực phẩm và đồ uống
TGP,Upcom,Hàng & Dịch vụ Công nghiệp
TIE,Upcom,Hàng & Dịch vụ Công nghiệp
TNP,Upcom,Hàng & Dịch vụ Công nghiệp
TRS,Upcom,Hàng & Dịch vụ Công nghiệp
TSG,Upcom,Hàng & Dịch vụ Công nghiệp
TVA,Upcom,Xây dựng và Vật liệu
UEM,Upcom,Hàng & Dịch vụ Công nghiệp
VBH,Upcom,Hàng & Dịch vụ Công nghiệp
VCE,Upcom,Xây dựng và Vật liệu
VNH,Upcom,Thực phẩm và đồ uống
VPR,Upcom,Truyền thông
VTL,Upcom,Thực phẩm và đồ uống
X26,Upcom,Hàng cá nhân & Gia dụng
YBC,Upcom,Xây dựng và Vật liệu
DAG,HOSE,Hóa chất
GAB,Upcom,Xây dựng và Vật liệu
HRT,Upcom,
TTP,Upcom,
SRT,Upcom,
CAB,Upcom,
RDP,HOSE,Hóa chất
BII,Upcom,Bất động sản
MTN,Upcom,
MHL,HNX,Tài nguyên Cơ bản
SPI,HNX,Tài nguyên Cơ bản
LTG,Upcom,Thực phẩm và đồ uống
CAV,HOSE,
HGW,Upcom,
LTC,Upcom,Công nghệ Thông tin
LBC,Upcom,
KTT,HNX,Xây dựng và Vật liệu
HPM,Upcom,Tài nguyên Cơ bản
G20,Upcom,Hàng cá nhân & Gia dụng
CT3,Upcom,Xây dựng và Vật liệu
HSA,Upcom,Hàng & Dịch vụ Công nghiệp
D17,Upcom,
WTB,Upcom,
MIM,Upcom,Tài nguyên Cơ bản
DTV,Upcom,
BCO,Upcom,
PCN,Upcom,
KTW,Upcom,
TTZ,Upcom,Xây dựng và Vật liệu
TA3,Upcom,
SSF,Upcom,Hàng cá nhân & Gia dụng
CE1,Upcom,
CEG,Upcom,
TST,Upcom,Công nghệ Thông tin
LUT,Upcom,Xây dựng và Vật liệu
HLT,Upcom,Hàng cá nhân & Gia dụng
BCH,HNX,
KLF,Upcom,Du lịch và Giải trí
TKG,HNX,Tài nguyên Cơ bản
PXC,Upcom,Bất động sản
AMD,Upcom,Bất động sản
PID,Upcom,Xây dựng và Vật liệu
PPI,Upcom,Bất động sản
LCC,Upcom,Xây dựng và Vật liệu
VXB,Upcom,Xây dựng và Vật liệu
HSI,Upcom,Hóa chất
RCD,Upcom,Xây dựng và Vật liệu
CBS,Upcom,Thực phẩm và đồ uống
VLF,Upcom,Thực phẩm và đồ uống
TKC,Upcom,Xây dựng và Vật liệu
DPD,OTHER,
IBC,Upcom,Dịch vụ tài chính
NGC,Upcom,Thực phẩm và đồ uống
PVI,HNX,Bảo hiểm
SJC,Upcom,Xây dựng và Vật liệu
FLC,Upcom,Bất động sản
FHH,Upcom,
SSN,Upcom,Thực phẩm và đồ uống
MEY,Upcom,
ROS,Upcom,Xây dựng và Vật liệu
NHV,Upcom,Tài nguyên Cơ bản
VC5,Upcom,Xây dựng và Vật liệu
TBH,Upcom,Hàng & Dịch vụ Công nghiệp
L44,Upcom,Hàng & Dịch vụ Công nghiệp
AGR,HOSE,Dịch vụ tài chính
TKD,Upcom,
LCS,Upcom,Xây dựng và Vật liệu
PSG,Upcom,Xây dựng và Vật liệu
ASA,Upcom,Hàng cá nhân & Gia dụng
HLA,Upcom,Tài nguyên Cơ bản
AVF,Upcom,Thực phẩm và đồ uống
KAC,Upcom,
GTT,Upcom,Du lịch và Giải trí
NHP,Upcom,Hàng & Dịch vụ Công nghiệp
CLG,Upcom,Bất động sản
NTB,Upcom,Bất động sản
SD1,Upcom,Xây dựng và Vật liệu
S96,Upcom,Xây dựng và Vật liệu
HVG,Upcom,Thực phẩm và đồ uống
HDO,Upcom,Hàng & Dịch vụ Công nghiệp
KHL,Upcom,Xây dựng và Vật liệu
DPS,Upcom,Tài nguyên Cơ bản
VW1,Upcom,
C12,Upcom,Xây dựng và Vật liệu
B82,Upcom,
HAV,Upcom,Thực phẩm và đồ uống
SDX,Upcom,
PX1,Upcom,Xây dựng và Vật liệu
CAF,Upcom,
S27,Upcom,Xây dựng và Vật liệu
SDB,Upcom,Xây dựng và Vật liệu
TBT,Upcom,
DHQ,Upcom,
THO,Upcom,
CTA,Upcom,Xây dựng và Vật liệu
NDF,Upcom,Thực phẩm và đồ uống
DTJ,Upcom,
CTN,Upcom,Xây dựng và Vật liệu
DO3,Upcom,
STL,Upcom,Bất động sản
TNM,Upcom,Xây dựng và Vật liệu
KSS,Upcom,
V15,Upcom,Xây dựng và Vật liệu
